Feature1,Feature2,Feature3,Feature4
3.209829109299562,6.288015592371684,8.77959902045343,3.434792356324147
3.4698731680728128,6.357605231626914,8.750310703748939,4.640079499463006
2.8973159997001625,6.983163480421686,7.984678712247657,5.178399610058712
5.025016669757167,10.319797435303759,8.751064314791385,3.7560907486594197
4.890930627738188,6.652192774959393,6.971110823371292,4.561891901534533
2.2009757230163736,8.527175641103675,9.549660238677076,1.835273420071315
3.746342099604684,8.22359806779689,6.220478632933302,5.520052095566583
4.859533563062607,7.036332890688032,5.760944954094334,3.6846950106649468
3.7712896757113934,10.1370100389558,7.766451126242059,4.230642273478283
5.962499234846582,5.284146510728441,8.507532254328586,2.7229415819026617
3.3975010900337836,11.572199252888025,6.20637995951182,4.1857320889229035
2.3123755408210185,8.383685214118469,10.06894799840878,3.4012290440334723
4.902413852233642,9.048998652109427,9.380254070380472,4.3767756723526725
5.4643750273674705,9.481408444465485,7.996351277814588,1.9295637158970185
3.5415109726498386,4.9646511148987615,7.165410625224844,3.6062589048174023
1.200675318349413,7.707540646549647,7.604588084071685,4.396556458937577
2.2782138435149397,8.531261998642234,8.331770760023474,2.8699265262420033
3.7439528702631764,5.965777976305782,8.55795119956314,1.2122328207951707
4.74244449534849,8.25503055981109,7.708980555807897,3.446933473895664
3.7194590422412013,8.971685910628626,8.903430732013032,5.424984820481884
3.4941106359059324,8.760117099072438,8.383215428350441,4.1561361092961775
3.2248129303284054,9.836690279882237,7.246926191670602,3.968730011279888
5.408945105973092,8.785096964644524,7.406203362627807,4.130552055616859
4.732384650343175,6.457731717915297,7.6719819447694375,5.034442034716295
4.081939750796472,9.27311324762287,6.775128505072472,6.711004538116136
2.5889376555098975,9.86202027387996,6.746863078404644,6.231116127446109
3.6523780778347152,7.2710229078490025,7.595145486991257,4.449075013223366
4.592192127794721,9.552311536312457,7.659226105883731,3.8563993101362946
4.068301217172215,9.757309784732223,9.810831906677508,4.299351925926355
6.120600092261581,10.511236759378619,8.931633475403116,2.3908745869504173
3.441817979278691,8.234908081633517,8.304454511777893,4.749051600308585
3.737668110905521,10.410370698701554,8.11882508853479,5.281526050770179
4.120256652949051,12.195716068464684,8.720837128923156,3.2392398768865585
4.074884153653814,11.115475084904379,8.708293608554007,4.203051653757731
4.667502549001188,10.561954852690011,7.647326167683847,2.7605892026083665
3.733895020421911,7.513613410171189,7.091193758762565,3.0747847167564526
2.999896723926203,10.906190278387385,8.010181669126329,3.544293278920073
3.7949369582342176,9.813168106102207,7.401970573733459,3.384284346882464
5.460763600330954,6.018204099816609,9.002039558462789,1.9751511348360085
1.8177004206227312,7.380194964152523,7.408451250172289,2.739685248415178
5.271387640987957,7.689358165609701,8.460365617627298,2.995442829608089
4.844458539064254,7.458012543252931,10.86300171876853,3.3532838434912278
5.247958305443141,8.969684091598078,7.695222346012629,2.8228639985979482
5.799302720517733,5.802619671575943,6.381621159657095,4.37039356758781
4.407675575561393,4.12255182244809,6.881616449285917,4.361158455112029
4.330256308211018,10.697085744191831,7.604043102691262,4.031875452134014
4.457171300139936,8.418376501047948,7.409173017051163,3.200704381063555
3.0364111395087265,8.820823153766163,10.064437095595157,6.1623952424228285
2.398128259920613,4.862566594127934,7.698943298420829,3.6477772894992873
2.2099395197505824,7.08936591329691,5.193733827430107,5.771822339735166
4.0870188820130355,6.810539920260736,7.986257262741243,3.2758978660900353
3.76450892321989,11.5468542140008,9.98997296497391,4.100788999155104
4.633284424066002,9.034219106490992,8.759924373251067,3.517029340337668
6.48731094140566,9.914548606365825,7.900147151277187,3.832886070517251
1.2771257518599635,6.905720828298079,8.319632552317755,3.370206305339459
4.204066481036873,10.096114536882862,8.451654207376981,5.386629879424632
3.273622317160873,8.421021764095443,9.900797523217499,4.764641491931109
3.5410182403833477,6.254000839010893,7.014813564411512,2.741972869502035
5.480150033583701,9.270103317167594,7.543425220495108,0.6734190978524337
2.7881556301658734,11.160821366690135,9.45946642930131,2.9342211517330528
4.78840857983672,9.986496194684122,8.843259219695371,3.984539079947623
1.3032186984830934,7.620323982606581,6.817550642896457,3.5094177853123036
4.407108315419047,10.487710112613033,7.866409191664564,4.294813256983508
4.840155523979128,7.7335935508431195,8.40972883850833,3.250820128826625
4.776902020993872,7.881988491672231,6.9064690579207815,3.4239686101551516
3.133109555926908,7.692284230023311,7.243616698146857,3.904055642168287
5.345771892681322,10.807180056223261,7.725004569400865,3.16391887116627
4.847116983816149,10.845230410093068,8.300783548044274,3.422629862806076
4.762370752425367,4.773785501327482,8.000634415927133,4.399847285234949
2.5413833927069702,5.34778853315181,7.120565499391224,4.774943131777492
3.39323064424843,5.976112639345895,6.141208755257419,4.087387833712308
3.6285823065492893,8.89231340113621,6.5902225046362695,1.6159059124755633
2.892411994940275,8.652159178686437,6.12077263760417,4.9582216183434165
3.245714038877297,4.8308953851643075,8.210300099543627,3.102936611441577
4.1276385032090985,7.936947685577865,6.80913247317574,3.424308779262883
3.1445768054707393,5.973641813693659,7.12854108373958,3.9028942755101412
5.421960868538545,5.027036236310888,6.850571264730122,3.866635080890983
2.8003202048691405,6.770296942964725,8.338488626750898,4.251787140064581
3.994524789987808,2.503549078778078,7.560091528770633,2.59562205614002
5.500369473824053,11.498866429793,7.080197217181212,4.332656398287916
2.891892791224964,13.530499215731846,8.0122858830733,4.991956046232584
5.111482922604143,0.8793753043005585,8.92367839245252,5.079519106722712
5.071991705199906,7.113096816058354,6.64500316963828,2.480759139182732
4.3085566831147055,7.239137194204111,9.304076497343681,5.77653127534942
4.660248702937169,11.0318810077054,8.08347166298713,2.5411200552773043
4.479260317688965,8.30119332385736,8.643687596197333,2.3981552092026073
5.923992370267371,10.30383498783507,7.637981367426095,5.475631640359744
3.347778315294381,7.224403587903688,7.878970165016679,3.8062892810960705
4.138756728993336,4.816270250972286,7.655377096414418,2.9310057832059133
4.436379044893755,7.2750218460652265,8.133461481126282,3.6349772579256983
5.068816664219761,7.717659140976685,7.189448067284776,3.8460256698722928
4.127077360009942,1.1855276072225633,9.287888091130334,4.456683644596653
3.858099470166367,7.369415769306004,7.67824857028267,4.068548796370913
3.064166678571813,7.7076124852343675,8.1111182089206,4.9023211509219085
3.341002608473685,8.985298821863262,8.817158142295458,3.9944505535391395
5.827893605782206,8.8981109708531,8.221122850687484,5.499173648639672
5.276343163296531,7.87792623194705,7.287667298953702,4.093821302329315
5.150423329823315,7.129873584408889,7.703475416000926,4.563436125271037
3.1602806109450468,6.957773489202363,7.854793407391573,2.7866514416333303
5.603264757636398,8.154334676460465,8.11379093822726,2.0550699654489524
4.239992077983888,11.227894353650251,8.707685164241733,4.487015139530685
2.5478529937058974,8.546013708425546,7.142441962644692,2.3114033478574143
3.387007783188266,8.713295863060944,7.058021336125075,4.408206335535429
3.8978262474222642,6.373498770484749,8.287213866777098,3.5543087363564903
2.777041254092344,8.827492350403073,8.61947180957344,5.015037146396726
3.208371613771933,10.343375765935992,9.31417089647162,2.8445017070840803
4.57119251450363,8.087795903688065,7.644861595534062,3.416227562551332
5.302148191575972,8.534911036123265,6.35911424615928,4.233320962244577
4.949131417799818,8.370728571453343,8.420407242101511,3.3556020183157704
3.3457413159535077,7.964108837851227,8.837602191865175,3.5829562595654547
4.555297589456788,7.422195743600046,6.624341986886797,5.08015368240562
4.302727101377514,12.125370178044477,6.49055231901242,3.63159106662616
2.6287162944699,9.35838154441081,6.177930067361155,3.9294901475254598
2.9704706003340275,10.047580416690819,7.51856973712397,3.9052399451129194
4.295352493761408,10.748801527340762,9.837103456310953,4.130296373534755
3.4603304906124412,7.688590575790624,7.952971000667381,4.025942580034077
3.7586207027308602,9.404653879861742,7.177495032680557,2.459338523033505
5.042995994164881,7.506687729152537,7.615397458593652,3.021521801291113
4.204386544912235,8.345894710887077,8.638048466280347,3.789001300781883
3.7055743085723405,6.692038723942801,8.359278237980934,4.725407145997097
4.708535585021203,10.034798384944576,8.530927004559752,5.392267553853788
3.0159714179974113,9.621730709458946,7.952611930688773,3.4227018218893024
3.2433094519008256,8.044024536967623,9.999889152077863,3.2255032729552964
2.628367941498186,7.696149218346345,7.887825378592282,4.071211667221838
5.776402861772038,8.099396148547969,8.552642581974517,5.342822703853714
4.878127704668289,11.447887142856471,7.944040793930605,3.2214976385069605
4.42806068523251,9.969894095996548,8.498184894806155,2.8483370196630657
4.304771110787084,7.755684281285957,7.7768177118531145,4.070736654480603
3.9768537236892243,6.972011889304461,7.313946687946745,3.698727531002299
5.460421720607429,8.569389796799578,6.3867780654152675,4.604076306776579
5.656823793901215,10.381260640443859,8.599830048421625,2.9447693382775295
5.371610053259089,9.1002629676792,7.283031544879765,6.001352279374295
4.642105764322169,7.865217861411226,6.731252222336552,5.2757651971664234
2.161715527937051,10.871975011624057,10.375298013476687,3.9904617868354424
4.827243003558605,9.536334019573877,8.631474811315655,3.8575231538036707
3.0194163650179835,7.275767411219004,6.901837960388085,3.4565163769899483
6.0736378309710926,7.2883805078701,7.336533180823173,3.843819045502495
3.348127855804953,9.352674828594987,8.96309044188326,4.141067498494233
4.8562766149869026,10.870987295833112,6.78719781277924,4.095095963956633
1.755613565744567,11.29411767486633,7.007009314023816,2.616856352387641
3.4118572822522344,8.271772316352887,7.792534697304485,3.8193728799744866
4.333241306693727,7.356325520804236,9.517189756983495,3.9502175112115796
5.219023256453125,12.590474714152531,8.319720147492355,4.311970685218368
4.898305814135021,8.144432538414916,8.229630895734731,2.5511173644251333
3.846522993864186,7.170494799484663,7.932354869293332,2.478809936851243
4.829676684098365,6.879042021895895,9.494851827113607,3.3767924931862026
3.9349707646649046,8.67442657976156,8.185796891966056,5.198532169429905
5.814477801971311,7.548463810500306,7.675623192196595,2.7230530043217707
4.441694227507243,6.963852841557971,8.635700231528654,2.8926736754570013
4.088434207252024,8.077486786074443,6.919467844503856,3.1105838314104517
4.469891990586197,11.647054710511632,6.82867357949551,3.6316269953537357
4.156510150492826,7.723286404756018,8.385935483918857,4.834524613517177
5.290715609630942,5.158687577990667,9.847170926863743,3.710039280589117
1.8244115402835281,10.48923308890435,8.584675946995981,5.0201655740290185
5.992699176507692,8.085235363778517,9.827618544733522,3.2518321292139056
2.5683385639593617,7.093389758811439,8.48140462697218,3.4802000305128127
5.962662251665533,9.56794241040243,8.760102410543137,4.330653950638707
2.6836110413975285,6.048118930335092,6.5906085630115845,3.905857187685485
5.231777677143811,8.19848407701366,8.947865202175059,3.7067894287881784
4.167111109404487,8.353249841026825,8.079553899819619,3.0182656551513976
5.636116150637918,8.013700176077307,8.944201898260845,3.8621396411688917
5.232977165860795,4.66440673524179,8.170172150140383,4.145052034232177
3.6951272559749855,5.243009332958148,6.7958306994037905,3.845952195156463
5.115546763436607,11.25966802370106,7.290228903956339,3.981484327952138
3.5099167724338995,8.544437747977339,7.968178065031527,4.3876883444076675
4.459560354152756,6.239354316487338,7.9780741309145515,4.595589405191332
3.8197764658226347,8.341852641942799,7.010744451288125,3.1546519111618987
2.943977906536528,8.115902931816288,8.64327349841015,4.9040728186531535
4.202823781485039,7.123844479293289,9.212631385516104,2.9175977765023524
3.26629301979806,7.66792697388832,8.33833196039419,4.178118454035508
3.8287868060101196,8.77414651053927,6.083919037087937,5.209957008126147
2.932837965116963,7.30404917460028,7.5607397173371815,5.138713082685533
3.723257280707949,10.419811659646351,8.352052432398544,4.450609549829726
4.575303748116262,8.338218473135202,7.841437845743407,4.1563813311077675
3.5585588314770806,5.678964895868028,7.380380856516054,2.695629815130715
3.653285605381416,8.159994088527096,8.757098361610424,4.603867852152193
3.4995813300517717,5.892114411549784,7.520504292563744,4.520884031026458
3.482339658986242,7.444561096553307,7.209440389542139,2.1593051055709886
2.633084652945189,10.153205301655715,7.2274858132789666,3.6983977009879014
4.7055630752656565,6.243342739282146,7.531614503481542,2.908574387426345
2.566671629723564,8.216332970972571,7.787707752761005,3.58570752930856
3.280219257881682,8.70492329546174,8.31760227902003,1.975017992071861
4.276505412454894,6.965567928605959,6.789723277409972,3.210024984033976
3.696257885012033,9.461190684832761,8.23856452604317,4.339672611445357
5.036857967285558,10.283660990746412,7.659249328699858,3.5730720708963335
3.6755878428691386,5.866909851976129,7.554653560119572,4.234515652995143
2.4527664506388565,7.08940817365215,7.5070649820129125,3.809289356287207
2.3725631148232837,6.342997831828722,9.707205529526808,4.145504167592774
4.388538852654872,11.05924482401946,5.9337374894299515,2.8577036922591947
5.228458404168198,10.231387518431116,10.072675671667639,2.9529211180854693
4.934960434216976,5.776966038601426,8.552135476043796,2.9475949993622015
4.114539155901583,8.473761240767105,7.660178112831088,5.43348733224784
3.9215865703952235,11.008631427663758,9.078482874984697,4.280433362806048
5.464864719533514,10.702370947271767,10.429724573022181,4.657194081641821
3.7550428051885207,6.159353047043096,10.464800028459234,4.10204112596824
3.4327173712523575,9.122019298760858,9.220098958937008,3.7437690239324515
4.541171181456244,10.984914315837045,8.242985056254197,4.67788296956617
3.85638211331688,11.157679072384328,8.968717605667562,3.241021764581521
4.979606449634595,7.305425845243203,8.069662852470465,2.12640428924108
1.7158064013570038,8.997470267853345,8.833309177493707,3.2411981807618826
3.6582137468071307,9.941722909776459,8.994416741291532,4.531516894399275
3.5336384333608453,2.8775705598590244,9.302813332488656,3.2671376823652007
4.9230529504946485,8.091877749111578,7.517911247650089,3.4218331446645274
4.221679956521918,6.768646692245336,8.582381828157018,3.3631677397362445
3.666165499937426,8.702846564854115,7.6665055046195585,3.3485548210368803
3.520755983780026,7.639462030124618,9.112517601105559,4.537534016907756
4.207160978900644,5.700517720146897,7.719925314045277,3.5322862808582784
4.019064573395336,7.709119509037792,7.927417311796809,5.468306785854763
2.9825645562160377,5.387234632643892,8.420225392334595,3.4961610768820313
5.789888624005951,11.210165797072642,6.384902774542146,5.426604791560573
4.838168901867342,9.27615461250399,9.125854583421857,2.9491496353150985
2.8667602929288067,6.8662270082337,8.253812044344835,4.56358827191395
4.789697429841158,8.522513762794839,6.769307580711202,3.387131049827018
4.5001743119780855,6.455402099350649,7.877458870721492,3.7284912941279953
3.023526461879862,8.345528905094106,7.297853062473334,6.879711520298275
4.064122619984673,7.614605141026921,9.013862421975055,5.678175210088367
4.017927899275178,6.689674323077144,8.86547369522847,3.86056676535648
5.282356261445506,10.122936997551303,8.323726691996615,3.520557541720067
4.246408892174391,5.568738708360261,7.978416875268476,3.2701704423126197
4.321577586356633,8.857702746089997,9.333113008336408,3.115508872080145
4.645327970619898,4.944186961071867,8.290049909483695,2.5174881928795068
4.979317521817357,11.644220524121188,6.066603515754352,5.207996991593932
2.060642375289162,7.516652428550741,8.849131263639283,3.322930793421347
3.123745443851394,5.89709942312213,6.141640937349663,3.1526222610183017
2.8011018927358786,11.584958815026548,9.38489551345768,4.6312151883115575
3.3967773569925646,10.795279321763516,9.448758389356836,4.701677333367933
4.217985753725207,7.569831040286109,6.12607663996164,5.116406898610635
2.719181391037626,8.70971521633579,6.564640329224283,5.3179840013164394
4.887970460995098,9.551783609324985,6.8533286790856165,3.060350512761972
4.1611075720616375,6.424246767424889,8.156614651740549,3.29529942487941
5.127334293021355,7.167091201966068,8.2600141882979,4.283753941023954
2.8639598743803205,6.473231070009271,7.16499183369223,1.7525796777722533
1.8048585223195897,9.847053982713376,7.956645762572791,4.679154147738203
4.206992062400525,9.718672499502953,7.930336169969241,3.4960215527516967
5.508748393072356,10.060492526399903,7.735632358155057,3.202711476228635
2.182222138144734,11.30073861199996,7.84728796683258,4.422526901676929
6.718811996190764,9.994023824155429,8.807796899625801,4.400266204668235
3.1602413496651964,9.396549122650631,7.83796791070739,3.1489361118769694
2.620465838721038,10.422936654480925,8.667430349004286,3.5179599439397538
2.4767036650223013,8.472607255794795,8.21321858287415,5.262936423652741
3.764337793855519,4.590016800527353,7.825855186936011,2.4247362237415304
5.8528020933656055,8.06632058629786,7.071190673421788,3.066064766526877
4.5854679441154556,6.79847010435858,6.547316812854329,5.801850126199387
4.575874678099075,5.6398333365693905,6.279749140773809,3.225937879894005
3.0052786797730002,10.920184079247683,6.5701828710580585,5.118844980237804
3.621512859465687,12.270136516261232,8.183762315686218,4.470106108256517
3.76699622726156,8.21897886902951,7.9329810251289805,4.363732122288352
4.7527402388623585,7.057571770573342,7.296493843219115,4.285962351215221
2.3311029428739207,5.0348814628353535,7.506381738676711,5.336734813164908
3.118586863364948,9.769794383793812,9.050828030515666,3.1386934681523067
3.364646495517314,1.3931300557109894,2.191902209036757,1.9433033247875675
4.296618958043494,1.6270631822196306,1.7259380611928055,-1.7795965571961192
0.9831933354955278,2.158760454092089,1.3266226344737941,1.3137100270075703
3.1205052941998956,3.8263656168028186,1.5518867666767935,2.169130210836964
3.027983972366015,0.6592497693558965,1.3242768436783718,2.872193381459245
2.3318825656643902,1.2237556002427676,2.4385357562425853,2.7625344352979844
2.6246001664603327,1.6891183760183477,2.57518513646975,1.169708197517434
0.13277395583894047,2.843936959868678,2.4991664681864143,2.0328006575089415
1.5626552182997102,2.1939512954052334,0.9942528237768777,1.913918127067375
2.0733916677099877,1.2335587082491366,1.671273548910031,0.635899029623175
2.662545233066228,1.8871521497443358,1.7334533893393202,1.3205280917759652
0.3305192843381799,1.8562528647430763,2.8588901831387106,0.3515254330696722
2.2507324711175047,0.005130367647180112,1.5567085321065206,0.8632583294166774
4.173435569842782,3.0204615257353673,2.2192646000197134,2.545602601972598
1.6651282253760642,0.8859609294181376,2.3189225186443005,2.744231253824595
2.4382710598156967,2.595090470064002,1.9340117405845605,0.9254826063334203
2.4503910162444726,1.9295720864698545,1.5924338889570624,1.74010507637754
2.8507372627326135,1.9685836567943622,2.8234319500525618,0.8063777780809438
4.928892776888375,1.5894089038983128,1.5908836225873042,1.219036423729087
2.0677393270448152,3.066089712164671,2.064205866891668,1.5737531205368729
2.467415653834445,1.788288519599244,1.8955901356440195,1.5480894985417915
2.0693410683846123,1.1592008335893111,1.6688005121193776,0.8906492438035214
2.5122153990170926,3.296762880091845,1.9115677446039476,2.190365449832527
1.8576271916742846,4.160754328153047,1.4045806526620035,1.171866438576858
3.835733579992854,1.625179900773714,1.9998179626662667,2.476425296498286
-0.011115674541500198,2.01514471616377,2.686860786830334,1.049450951740833
2.5912177665446823,0.8274058711708205,1.7563555158714061,3.069532119649334
0.8843086656960644,4.865028898483506,2.109499461150042,1.2655549062212441
4.152052000630736,1.2332513045409446,1.8663875221668245,2.7309758624731235
3.1236293393588257,1.8119581668615856,1.9012871106092402,0.5269924372964516
2.2589807154576365,1.9122992109048838,1.6812802754554124,-0.31169645383891886
0.7536525734107444,2.547461996656441,2.3381215456700897,3.353026320072666
1.3862187369746122,-0.010214988256155966,1.8352899382183951,3.839801522593679
2.260363192208334,0.5348818469413068,1.6123654601596855,3.5532701710601233
2.24182629895683,1.9691562106145162,2.1602691147529534,2.9622907165327548
2.5869396261289395,4.1343346795229525,3.1836231302303815,1.3243973067994386
1.2772905539297268,1.5569124185450867,1.4386849277551983,3.3286322257161656
3.6832095412316788,3.331956988352421,3.1280165030606057,2.566339594913581
1.5269571221736273,1.6783639914699817,2.425459777150952,3.348920173625148
3.913020794667419,2.8716847076780985,1.1461384571661655,1.2821933801858831
1.6858716584500315,2.437386802581198,2.322487742668457,1.8253268982543536
2.191482275928313,1.0216783171694166,2.0615156911967194,3.4587961668068923
2.8399865613768904,1.5837381646324624,1.3994767452647654,2.4647728236823694
1.6732574099891486,2.6463174976519497,1.9489085853289676,2.526539709962434
0.39664582052531516,3.820428783567647,1.3600792879228183,1.2922825816728891
2.945714068092472,2.3716834973600127,2.018862426616893,1.359969338248452
1.0147127122209927,0.6847651384316211,1.1777285683819847,1.9508121440893802
1.021803134243695,2.349273119724855,0.8299266265257768,1.0671238379419177
4.311471760972511,1.7088453378138602,1.9472400866673325,-0.02644309174802517
2.161723080397144,0.5327945039584319,2.662809183337851,3.3855038579529313
4.205964240054261,1.0601177367182322,2.295660126251613,1.0779372397292977
1.1859470128273215,0.7535026809703971,2.081407385046135,3.6668969722106386
2.5882697973958226,2.2960031627440185,2.2287696710396845,4.198274568970129
0.6025352482962254,1.274892129108931,1.1800259627730068,2.9781332331645394
1.7785369057026355,2.7055431774366947,1.9088358199125341,2.1033175548200758
1.3188211201689524,1.910162949629268,2.1292253872021365,1.0244327909991138
3.292306088203207,1.0470462173450363,1.84618292474313,0.8223922317146153
0.4188796540150035,1.0701040379546796,2.626332965158208,-0.06950922229581735
-0.09826520160216745,2.328621314344641,1.2328008505950767,1.1780176119492758
2.480775475680539,0.8199963232704088,2.344800176594357,3.7229892603428696
1.745928603443665,3.0783359883052697,1.9357211739964102,2.9957124808523656
2.1943100468910814,1.8571477134801682,1.3638805737877473,2.0131479864256114
3.904208655046295,2.6491725300048223,2.600237688666243,2.7604493669333867
2.1644551003970602,2.7286100804715865,1.4373506579233157,1.9035617387083
1.5707628821506652,2.77270602718476,2.286465176628068,1.1872068304883827
0.954461305241993,0.2408555441453324,2.0299080156592266,1.076048270320005
2.6791121034185146,2.1578826605747907,2.6767268602034093,1.0822466646727
1.6943499914767495,1.9529610464432436,2.7085438888808673,3.4912617018981233
1.1812159751587017,1.2130861369798969,2.54699413817099,1.0484056367675998
1.8588952442007236,0.9472530353276762,1.720074038788895,1.4785179670987747
1.6027016356093529,1.3316134119709289,1.3445023513294867,1.7964296410064493
0.7850651796827941,1.3892118065795052,2.215631988032864,1.3182813638316437
2.097505035722818,0.6181700209882384,1.805152478580073,3.604059017684336
3.273207871728472,3.2195827706176683,1.762444560461344,1.3653411226565675
2.1604016673597344,1.9288296694113864,2.6430988630698593,-0.06771742953816151
0.9061920806944062,2.2074390206166585,1.6800317677904408,2.517422317571701
0.4319853256390753,1.5493076648204107,2.2544189979125377,1.7990608494575955
3.4068870360621815,3.302805722375946,1.1699773500128776,2.4848269452906933
2.5686407919640284,2.673919356144142,1.4273013112112067,1.1922271099870083
1.9695327806437317,2.4650078997761518,2.3800763501999915,2.120013997336864
1.6681946790297983,0.4141043357421612,1.865631266440745,0.5432612551945593
2.19475473075121,0.8710138457918315,2.126354829645605,2.0272471156752188
0.6057706320931566,2.1654637305071587,1.412233187011959,0.26177052781340704
1.9812413361165446,1.513051312463968,1.5502905039274673,0.9342036304509544
2.7453269617147926,2.5442966516753738,2.3668936287893363,1.773193250753316
0.6735520634301131,1.108655858540446,1.612531517974334,2.4211463500123798
3.501314801933315,1.6326570285444293,3.1502166001713627,2.866257549662744
2.966622504203064,1.0446149925515855,1.687067449466308,1.3604342322517864
2.305554989457812,1.177615680125244,2.1688474679784435,1.0583609980933522
0.9808423086429661,2.3012882169055042,1.6423940992932762,0.8697593919526982
1.6327664887743598,3.3121009908605314,1.3490536863235967,3.2326286074130683
0.8858130250934797,0.5071301008276157,1.9230153724335801,0.8092746998224196
2.398654890883718,1.357837815651574,1.9442081665991413,1.6888623826754832
3.076667077351226,2.5484152405837057,2.3996203349865777,2.3253977819301785
1.2930477014147899,0.4133618718766501,2.0216507663879635,1.8896950480651404
2.0639175306743565,1.6354267168340149,1.523215970987947,2.1730315739863983
2.334303864354817,0.5966086221658029,1.898297341773114,1.79458347444982
2.267731933339515,3.3648254535214086,1.9930940458256963,1.160883736000788
3.184842807777163,1.6850484538585424,1.3124072028222238,3.602065629012775
3.238986522541882,0.9625831998621812,1.808020689892564,1.0229215061955803
1.1787091392565523,1.8635328487665286,3.068925511148201,1.689656090477494
3.109841403789472,3.7107361161266823,1.86334193580265,2.3773201998367135
1.3477276105141818,1.3517534626472765,2.8512102108552084,2.5965013229687797
3.049604776254027,3.427733061125994,1.1266702931597334,3.5982819846959577
2.3608501509068103,2.8221751930651964,1.7135012247923302,1.5102111761297161
3.095211801434305,4.724719285593336,2.384080082408803,1.1602080680130524
0.541720280324552,3.032289244737356,2.7148948379457614,2.260746035252463
2.2941899243009276,2.1191812280072515,2.448282719784279,2.681946914422676
1.7621995035567077,2.6307968063840868,2.2976185712128676,0.8222543350560554
2.1250557454383165,1.3033548564859783,1.7999511075793286,4.506099951850645
1.4906416291232008,2.44247676729351,1.9958350148269135,1.947121623189879
2.1735085647065038,0.41130956758176684,1.5738365610318852,0.7955217444831462
2.733913771980692,2.075563045614241,3.235393983337849,3.205068601339905
3.5194797621633898,1.1514745586645487,1.9565328269819693,1.9862376050870396
2.363758835333084,2.5793105340538522,2.37996304379393,2.064973115285495
0.8807946915187019,1.7194231148022803,1.4627928522103613,3.3374487157132
1.4935516274870673,0.7251728745375792,1.8166091289424378,1.9594349603127263
3.2944436203297376,1.8316401150032224,1.7447188084326999,1.2596963338075573
3.8308821789019407,1.8498431874745442,2.6211923734989266,3.2887244164694787
0.5936272341117184,2.371118713569595,2.24921488562377,3.275362129661187
0.6665937039007859,2.5556396782389768,2.2829867779660815,0.8629294172854076
2.809208317902306,1.3107163938280848,1.7093380314058542,2.159472776126197
3.5667069261030737,2.140715816315812,1.7859457507741974,2.6706430382147084
3.4601400529264636,2.2553552542666093,1.8934286966212486,2.242949856514061
1.1656093353975616,2.8837413788684096,2.4670912635970987,0.9529608308183346
1.0165941966805394,1.097771188084613,2.3317604903111144,3.746222181771591
1.7681855601867977,1.3282169483170234,2.2106249586715547,1.4691665750867346
2.3075044707746053,0.5903826640610415,2.4035385938034386,2.6567188259256227
-0.5191709622498926,1.950394612497155,2.314397609524791,1.2230346372797252
0.569596450303617,-0.23028089116615247,2.124844986715278,1.9451731162137293
2.736910045593054,1.384549001733749,2.0922087295113947,1.3262017613478694
3.7997894420233456,4.186229753807941,2.4666098613226475,2.6327132529084762
2.1027474706654865,1.9314165583202558,2.528840364112493,3.8648113665370953
0.68186011348271,0.1752770098008829,1.6084191679325395,2.2174884924735725
1.7195235272487115,2.4669364352399104,1.658388910384441,2.2201220048837236
3.1967991183888427,2.265512185377936,1.2370264376294609,2.761257164215606
2.489317469292971,0.20556654265459273,1.6450353696113191,0.9400248710983024
2.1649007302045042,3.5560444962211974,2.68605023966888,3.656294913945863
2.5863488218921784,1.4116313336194044,1.807755669551547,0.1499603943149983
-0.7543956324755867,0.8409951265277804,1.6022654990954937,0.5462343101463223
1.8494545170964924,1.611188860493875,1.905749685052956,-0.03376601066795537
1.7168335508359855,2.237821580431929,2.4733136464553147,1.7546088566240505
3.586639816650765,0.8896939117005531,2.5926619466138163,1.634799214720696
1.8001470263744743,1.7789434037893985,2.00609415251004,2.788583695751252
1.2657202827972909,1.8927397787735172,2.3236094960244156,3.169555420132557
2.293833310109766,0.6945363141028034,1.87068084613098,1.4761114003633504
3.292449170584594,2.9380155818081075,2.6916200555736913,3.3146800741807354
3.0690565958830733,1.558364590871813,1.386107118592542,2.0450347730315723
2.1225940642740873,2.6272585471541547,1.7285088429205149,3.5039294441302884
3.3037350715422877,4.62427252973742,2.355142641113823,2.110517476168186
1.8126618688338743,2.42182018513454,2.693741905465113,1.3427151537035595
1.7571576769306418,1.2837079048928293,2.1549447082828124,1.096674765365445
2.4794583501868828,1.3514304916025532,1.7595325989828778,2.010839905653667
2.3809627988382633,2.5361424964125767,1.838116707435218,2.3896241344706213
1.100547850239665,2.61533285546983,1.3447164899288564,1.9482410520129412
1.2734986998510238,2.2220734903165242,1.4660927195515865,2.406099490982933
1.4407362704757947,1.4549488952915959,1.8237611638939302,2.197281853023756
2.3158439138293745,0.8167985756727749,2.8731756491584997,0.7091687947403444
2.214779928254718,2.461904971194313,1.9924164305971206,1.3543294325015869
3.270696139683153,2.264072073434897,3.096547030035463,1.7142383816016948
1.4919165834513572,1.198715797442577,1.1049380950939418,1.938687388029752
3.026053252305857,2.404913297315537,3.0643889415744354,0.9319307498824279
1.7656797605074186,2.497344835808687,2.11912601459506,2.27463269739586
1.337754917752647,1.089878201482849,2.174175006563144,2.5238363534096564
0.2924720467548976,2.5686643369429554,1.528441278724864,1.565092551412431
1.5633895413881738,0.9044998069868178,2.439715552733639,1.2616686908898462
1.3977314713075843,2.103894772337157,2.7833466526156214,2.130994486894238
2.1195290435046434,2.073133963613185,3.0209974220990645,2.3682216695944183
0.5108492935944278,1.9804305362032064,2.074501911304372,1.3064049364941952
2.6554309832845586,3.7720763410362923,1.5127926880722635,2.8650878600797065
0.5390455603404098,3.3560950652300745,2.9866483656855047,3.119372260356211
2.8597520904439904,2.676324996586213,2.3218028047606807,2.273829470094003
-0.7162459210738477,1.7343452075258805,1.619590222332766,2.881127330391429
2.2751733423378977,1.54201591058317,1.9406040100851283,2.4027498357991215
3.2095660758422317,0.33140081516723563,1.4220073389764765,2.3317452986638783
1.7174503465681612,3.5731837115759397,1.1959739435995491,1.6021339574675042
0.21840917911188273,1.4233240162425118,1.509478102621775,1.4519699761543907
2.574983593770215,2.460401510829125,2.8696256124372863,2.9228190008383272
0.7425536965253496,1.7525125564282231,0.7935905449228526,0.2988798021965242
2.0164003724313444,1.8192518835540918,1.6370312841075796,2.094281878798041
2.0216247065795168,0.9919095921446599,2.1365166017695594,0.6744576495602064
2.6085219822572037,2.4878421404013062,1.3794447284584903,1.0726060893216394
1.7143861790097756,2.489652560471989,1.6219412095860073,1.7282821706423477
1.8929228925519435,2.0737157104566264,2.097824003967018,1.8767421485138625
2.2316335418442272,2.3702741099328275,1.7540893107047126,2.7378420653405198
1.7479683760445344,3.675794501147968,2.221811303241245,1.446382195020003
2.4363037811185233,2.3977074486649346,2.947710467887401,2.3261478870883185
2.6839963462012673,0.706862866617604,2.8151633765932536,1.6491189852693324
3.455824589689627,1.779588075496035,2.632055715282558,1.1305752366144115
0.8569334849924235,0.32978139579512655,1.863533102065236,1.7180553377035042
1.7942697679141473,-0.3413824340032252,1.204488961130953,1.674582890001667
0.9874843163428806,1.6620517369348402,3.062867365533398,1.1167222100952512
1.4687207085018832,1.6499361270576651,1.5612296662685547,0.126395407284571
0.7647458716642657,1.3148756964775536,2.6715908279910376,2.3041397821746052
4.194449308930546,1.3745046714606173,2.4351993269456047,3.921251328820187
3.3968153028850105,2.1922443495548407,1.8473591829679263,1.0111552888009725
3.772273283730203,1.9942738814471943,1.8594076021312957,0.22666069362649965
1.5423160520521149,4.062011929865484,2.630768279289826,1.6182570566461745
1.4162687752976688,1.7612401208582205,2.3679995350379595,1.8601041604062072
2.8415507677433887,1.8684708602526043,2.2554519780889666,1.1699072178889427
3.094014090045209,1.6673719805001288,1.6044587963736432,2.4542733648241697
3.711734897625943,1.8390657256646818,2.549913209240089,2.0348830963762494
3.326442824923336,2.8001693446952656,1.5701867729273642,0.03029104599793797
2.8846445377823144,2.6153089659666513,2.050578241280733,4.558313963237272
3.4325381868207097,3.9788781140130016,2.0657657117933987,0.23528354579464184
1.7536958124060933,1.3611288269660187,1.751960579728987,1.615493333587235
3.5122101295863204,2.377969433911452,1.7816412330194367,1.5568933718482743
1.1264882960946472,1.8681962555276463,2.6498878127955026,2.054721421718421
1.2266610530811728,0.8497445547299927,2.933274151570203,3.3843417926634736
1.4161833316641572,3.244004466894783,1.9606802622356456,2.765423624848094
2.301697327565831,1.4346162444710613,3.0041886689452135,1.357336336773356
2.859457056228109,3.0941811133554613,1.5834238219206473,2.273085513123228
1.3617536327545938,0.6914957228695611,2.623297780123381,1.4146535527856836
3.7311124209577136,3.2084711812593034,1.675951731164658,2.8075707265381125
2.7527357323207977,1.2817069389323752,1.8957040567027668,1.8788760534288107
1.891015142305119,0.7755279165991089,2.381283626262704,1.5403342845260655
2.047530905331553,2.889198912782583,2.1853961158704376,1.724512999605345
3.408950771247566,2.434107611822127,2.5213420887627027,1.1312410998979963
2.5916434558414156,0.7827928102373114,1.9568433727135826,1.912910539737803
1.2250959840201754,4.003845742453816,2.5971497914461055,1.1765386084441771
2.6542186128503302,3.0546157747516927,2.4681949326148405,1.427507280630072
2.716354517077929,2.47917529829844,2.82796567884573,2.660186317287158
3.1142110571242014,1.466581464983905,1.8258310757697231,2.2540861248906507
0.8524194699432639,-0.31045952696062296,1.451348760479957,0.7019208976398943
3.282177684826809,0.6628845508118277,2.073906803197539,0.1458188520988284
1.0606247702387668,2.723749318676242,2.1568076226935546,1.3535390735966306
1.616347975235954,1.2841683349343285,2.229402652400429,0.8544094416874219
1.694936171659641,2.601912049046128,1.9166157449437302,2.6250810717200923
1.0914572228843835,2.2121785982977866,1.763863113166309,3.3965979586754633
1.8954926481177383,3.9636003314175006,1.9807686768872457,2.430447877992571
2.708922445123127,0.8016539430936318,2.340872047541756,2.5950013543874575
0.27724845806677556,-0.15942912969915746,1.542731292838878,1.8543575222731818
1.694735826001443,2.151586012927907,2.556670010398764,0.7350598164845925
2.349958920907098,3.8449843594755513,1.9746283155071476,1.6256890005961413
2.265294417198623,3.7413707235063174,1.861474536869417,2.051794593055322
2.3671334551926373,1.4993095974634603,1.9433810434040866,0.47821115401889336
0.7379033383661056,2.5003201199626526,2.8336373392065313,3.544192319385639
1.6480893695196643,2.0675865016470034,1.631964410361228,0.8818589946281348
0.7476554859699587,2.274736271622876,2.1093212152719576,2.551128897494972
3.4995939123819197,2.2213762506975754,1.469816739110977,1.7342512929323888
1.5363464116803236,2.160681885733112,2.34610920064312,2.500294434859682
2.511006915995581,2.255053018843955,1.7771664030500056,2.587783163123465
2.2867453061946956,0.7207705849529287,1.5931388951655436,2.724497263776713
2.124798413124111,0.8767219790954788,2.04419407281776,1.7986494483489728
1.9247632909863541,3.2725780148432726,1.9537238487958999,1.3701074051517628
0.7921344948078592,1.7344665085252275,2.7505495268015636,2.2018104716241984
1.9755578868648995,2.46348213283197,1.472691197972978,2.794523479381123
0.27898817205836934,1.766131517322189,2.0688513082487923,2.6220691982682913
3.5844794190916502,3.136525305406293,2.251194745650002,3.5479689207635614
3.282470079678061,3.1223989217209347,1.924247268991287,2.9777542024494417
-2.31246043296404,0.8990592694245025,-3.0277575011149684,-0.31354383221995846
-2.44102887893896,-4.115064637833392,-3.186083480361996,-0.42615117290102705
-2.4909365760419715,-3.2544309780139478,-1.8317729505016318,-0.815069581527097
-1.0036331694959726,-2.7140109363296956,-0.9689305801355079,0.1429908313073512
-0.06867944877093435,-5.467924097874374,-1.8074316326833832,2.456556703762108
-0.3301571489574302,-1.3979247920645586,-1.4964799314608375,0.44718469104822267
-0.7798028849673992,-0.13103374666502665,-0.5126094576316764,-1.5974554513647858
-1.9135482892757032,-2.926941640198843,-1.0771579630753958,-1.1773905677033265
-2.2234406718902084,-1.5918541182908599,-2.4214733381719413,0.36112747277715307
-2.497084795405886,-5.484535921554015,-0.947703570499629,-0.7605544762930219
-0.5973013877377764,-4.803634719091832,-2.2812134929232872,-0.6164702717675418
-1.6222881952170307,0.12510693074137258,-0.529787356159632,-0.6849995998650479
-1.756216079494779,-2.427000121674819,-0.6751190261456812,-0.15302790450394554
-2.792567327759945,-3.0532620049323995,-2.518523697047739,0.7272573594421318
-2.9887145650273332,-3.55120429914395,-2.709885675646288,0.3492640847378365
-0.3006361587786619,-3.7953654228287763,-2.808562284054779,0.5647422534958163
-3.5376474193856655,-3.3790534838001456,-2.9071669430903673,0.1219970923630961
-0.6678872411171954,0.5199203476714391,-2.377310510331259,1.178040342539113
-2.5208252846334047,-1.5326609809068463,-0.43143068669114437,-0.8580268673765709
-2.3477058869909357,0.7915126267763335,-2.0576325264332795,-0.19429131948411657
-1.9005211514297093,0.041159870527666786,-1.9375217093255126,-1.0501501113438907
-2.2571504202547823,-1.1119544286795557,-2.497839348763957,0.16804009703860262
-1.6204230852766013,-1.6235012028606086,-0.8459142752938653,-1.9605552329513192
-2.8238826171431732,1.0104873508611898,-3.35989805485997,-0.47481559816415536
-2.909938493875015,0.6121425187293124,-1.554995378846064,0.6629005404422328
-2.776397020889342,-4.138510176890161,-2.403183029849994,-0.9162554459712862
-2.497285966825295,-1.7663442893307844,-2.8426604217264875,-1.3891844416919983
-2.818648978688642,-3.5439114901827824,-2.1483793592050144,-0.43749298086984156
-0.8191761082547504,-5.519340217267402,-1.841995340374201,0.7520087390157861
-0.2378344420515932,-2.2207135675040535,-1.6581514491021343,1.912852992549918
-3.940332114305548,-4.733379047902652,-0.9761568613952938,0.4627429884311217
-2.7366398905314813,-1.9647757127207017,-3.4072944525532405,1.136234542749653
-2.9475355237251675,-4.7562363744225955,-1.4411777446018224,0.9797262749918045
-1.325463440944184,-1.902012645069472,-0.8575540104660757,-2.0202388260860817
-1.9704639290684527,0.7597239648983631,-2.453310762270105,-1.4531148768545108
-1.7313771541321539,-0.22961575019159897,-2.505297972391635,1.294541730121141
-1.3341817853680418,0.41156332443188504,-1.6996379177310916,-0.21234574081528323
-1.628530934964496,-3.826128789106449,-2.048398086847349,1.4910356354247856
-2.110472437728243,-2.3947431813912914,-2.386810265384279,0.1463222812119495
-2.301942892454503,-1.392528809809685,-2.3960892851330287,1.070689384363706
-0.6034770986941733,-1.449261320300424,-1.8758781816293746,-1.1291676847909538
-2.0178173027565443,-0.41749420317454367,-0.8123127714301186,0.3519262859848546
-0.28172968740437465,-4.000529614959273,-3.049493899026717,-0.6871159314568395
-1.5009389468134113,-2.7390357502054763,-2.7051461001019517,-0.06386588753414357
-2.965029164372641,0.4107721529483279,-1.7705276682062467,0.9329135625894515
-1.8327208095071923,1.3009903028089154,-1.1783780800467851,1.0603680165803067
0.03877557062300241,-0.3910032103312411,-2.0213891261255337,0.7050292446268982
-4.300891414406342,0.36475275459126344,-3.1674294805246532,0.49534366275386155
-2.488595918445253,-2.043047724377379,-0.5361371398481591,-0.8414691103800942
-1.3250084804461566,-1.4932769187101669,0.10823530790484659,0.33809220965628345
-0.7365553609863544,-8.070380941919062,-2.0883656521335716,1.7138166676671893
-2.341032995264698,-3.1392675191782375,-1.665972549115677,0.649714130754974
-2.9089438563156644,-1.0168477820123372,-3.430011538452958,0.42884302449521405
-1.124166632505037,-2.006994294644794,-1.9988472907528207,-1.4601033596514768
-4.325953183971092,-3.5839692607823554,-1.0953607185927414,-1.1763430086901365
-3.1918400990512703,-1.6160438378158235,-0.565014509826637,-0.49271755133146916
-2.2863482958246304,-2.517426905198759,-3.062564258826609,0.19828198918007048
-2.0769316885089117,0.012313299249028908,-2.1847861405490123,1.0030094092186106
-1.256092328072695,-1.787212760893111,-1.0284037332724156,-0.2132182720513869
-3.3484581200115233,-2.2670807029105378,-4.308880833448176,-1.5298053563746818
-1.8937897956424008,-1.9241105995890595,-2.06294538539262,0.5448647327988473
-2.3982632419631527,-1.5503875261970324,-3.8909911280022134,0.416642105541752
-2.5739739691613543,-3.7028575172752305,-1.108083167098503,-0.3020034898616458
-2.219147124114496,-1.8223486672004314,-1.050859732658263,-1.5429448814315057
-2.941887056302022,-5.281211736437436,-1.4963053224047864,-0.7629681477844326
-1.8878310954997468,-1.1042734171790607,-1.9506102358316197,0.03531844533397945
-0.6362850460364444,1.2340774578184903,-2.475554757433553,1.212664435678076
-1.6506251871336537,-2.4134355887536687,-1.7014378802147834,0.5629530054217092
-0.4195971612785603,-0.7776372589094336,-1.7865254952226668,-0.6017503039504284
-1.026986510520869,-4.459036919298804,-2.1418107353597597,0.5043053349431372
-2.128676597492941,0.37786624291908133,-2.1829681205897518,-0.1259865589099336
-3.3627671020756056,-4.063741215178819,-2.9032823929497096,0.11941793813269587
-2.1146525510421736,-1.2230773571337092,-2.689771427235609,-0.9089281383888986
-1.9165979467296836,-2.4930885361286976,-1.9417577178156498,1.5798886041319018
-1.6472101848201512,-0.6921371159686298,-0.949970422166295,2.083754213803769
-2.8258649547619896,-2.559654759716875,-3.1286076165044547,1.2871614074577848
-3.1047459659171537,-0.9175802982240766,-2.2750155691594247,-0.9975567407417117
-3.157675378928987,-0.48145364416765735,-1.1640628253798684,0.38656196612247207
-1.520829742903781,-1.9240238133051568,-0.2948233600153485,0.00912482983494571
-2.8637138256136785,1.828103759054359,-1.4259705318238107,1.601783926066131
-3.1334711774954016,-0.8355744502322526,-0.54952775277167,-0.4593800976281462
-3.0946159734270333,-2.5574028745153656,-1.8613826678436545,-0.8072842657955601
-1.365093500288309,-1.4860946230900534,-1.859538793608777,-0.17985281466941597
-1.5684494967191704,-6.9758264832831,1.1901073382956908,1.3720374224136775
-2.151955503226377,-2.843670340805744,-2.0859402488739702,-0.13642968208866108
-1.9818131504548342,-4.894890011519506,-3.006408305875609,0.633480654778508
-2.518150783775493,-3.0967445600850083,-2.9747819427739883,0.7223072638565768
-2.6115814500904753,0.5191585686586344,-2.8288650348827242,0.5360822076687598
-1.6050949704013704,0.3100535603690351,-2.6755432616455246,-1.376007673699732
-1.0375389662588952,-4.977792146378842,-3.204774561806226,-0.21371269236431964
-2.368633238923879,-3.192003731526569,-1.3966696499198847,-0.370935851548116
-1.201946278353303,-2.0903286226456363,-1.6012964618183156,0.21342562482584776
-0.8057783402228083,-4.027795229786668,-3.5356436574994166,-0.5603928185997121
-3.0404215471004465,-1.738262463904048,-1.1917375047722822,1.3891270470444
-2.3301109275491734,-2.5523262448400277,-2.521138956857294,-1.347615956401985
-2.2842097652441824,-2.526210773695057,-3.1418383055803893,1.0160755171840934
-2.700209326978575,-4.6011555518454355,-1.8724038678029915,-0.6365565760878462
-1.42823076271943,-1.0361385021682707,-1.282065722103938,0.35750962944363196
-2.6992274801674134,-1.0552732565145102,-4.192551151272125,-0.3049486369105256
-1.5632328050518192,-0.6760331337637884,-3.808391134662558,-0.7833394965595443
0.11737138663626952,1.5139748829915007,-10.640707462296547,-2.7786778092049254
2.248128861511086,-1.6926181125261117,-7.906758169857718,-3.88262932300482
-0.04119057067388071,-0.4984054129035353,-8.11025120595288,-2.679024837715287
-0.5076369782039295,1.5046445980691516,-8.414142248022868,-2.8479456970958372
0.2694878243285521,1.7096069683836381,-8.313201848921342,-1.8427672200902008
0.9655490330508115,2.4964941509633443,-8.062945874374655,-3.002641947675486
-1.9038753485020181,-2.261997591835589,-9.342455702212643,-2.3549781657704822
-0.8331449262046823,0.13843738177563228,-7.405608324346644,-3.083442019055652
-0.9994354684922944,-0.5404716035061242,-7.660552558899358,-2.6913502303618597
-0.11361902806963707,-1.780587115420544,-7.063479740050493,-1.937174382960462
0.7875400239190384,0.6900705516132177,-8.601195602460784,-2.7784606397252523
0.3173850115177494,0.17345118131144097,-6.971220508170209,-4.0042838754019
-0.8320368370922726,-0.9906056528107415,-9.253196341874485,-2.912182694919875
-0.4611179744387125,0.5793817227915616,-8.706178410506139,-3.4794301933789877
0.39997259033227267,1.154023190748287,-5.948168620070939,-3.79361913475038
1.0472224385249103,1.1632714560895339,-8.435532473547498,-3.383659178182785
-1.2136814733826096,3.8790002125317335,-7.93145101977972,-3.958506001249158
-0.6370758131804389,-4.2782090828434125,-7.805814108891063,-4.159497330996803
-1.0827459592797797,-2.1822439071108546,-9.78246144945281,-3.4799824908883017
0.11092824122213023,3.3916414323556325,-6.906605534030794,-2.489557291165796
0.04033447810780954,0.47503861490811544,-7.7890598261682245,-2.999683183248868
1.7725403991556137,1.4084929059031914,-8.253779769342973,-2.967652785526149
-0.8918187911117151,-1.6108252072273392,-8.562841463730598,-3.188474657836121
-1.3342527092195793,0.12802066702066026,-9.475673116535106,-2.4701432189703314
-1.7352996402391976,-3.09380345380794,-8.590003977440453,-2.6587219204507826
0.9405274743923085,1.5987644432950174,-7.656307697514756,-2.66041239040241
-0.07962154487553963,-0.9016662415157536,-7.464898389088399,-3.055522088763813
-0.7746305623794695,-0.6412218409663677,-9.911983397238812,-2.7218380419681965
0.7957674497560728,-0.8684848691812815,-8.12640316043309,-2.5067889489318778
0.11345556198088741,1.1838684169198748,-10.473057152342662,-2.9717298130206737
0.972619886048327,1.1710521604933042,-7.423213020590227,-3.885524684937902
1.856673961071918,1.1771024192550799,-8.055467539017284,-1.7139867457531548
-1.2973900293560636,-1.761459453255233,-7.625190095874784,-2.6777911110918113
0.7134560508403923,0.37351231631696746,-8.672210341600039,-3.7378755822787677
-0.5054326601987943,3.2311995673818394,-8.438518842620496,-2.3113267032347613
-0.07199064589068824,-0.19409708517105487,-7.4134471600951795,-4.222466989588198
0.3320225083825373,0.510490691696546,-7.688106973527804,-2.227176197951355
-0.13377286651148096,0.2686556512645697,-10.634046198156138,-2.8828864199112987
2.042261521820142,3.5402546873086687,-7.013739103145204,-3.051641737066234
-2.255338954365843,3.2771353182217235,-8.790938636052951,-3.132556942149457
-0.5379276610522531,-2.688404186826335,-8.775090469999467,-2.4121165379415563
-2.9056421523708185,2.7220318325640167,-6.953767444022905,-2.6503947429880195
0.14574629026570335,-3.163568945013893,-8.897104999796703,-4.2623436993712716
0.041396292261777094,0.08732926819759382,-10.239084328475787,-3.233632034161228
1.1276397040447743,1.1481167101832075,-9.300015090235902,-2.867053227511387
0.4250612536981524,-1.8661382147411592,-8.418636335361088,-3.8576069836530085
-1.0596844725705932,-2.9975355316178147,-7.396806251026151,-3.196455109673941
-0.11248365175220974,-1.5484909610544622,-8.247858543661524,-2.8398971028278495
0.7903939492744954,1.146802750654982,-5.688021180536891,-2.603204911569403
0.06483109412174176,-1.399094922916387,-6.382876372549408,-3.35277260131021
0.7618858746518322,-0.3199326021481976,-9.666260303827324,-2.975787553576629
-1.665634988624867,0.6717331813178321,-8.634835416211649,-2.979381907855893
0.5558091006430848,0.7172525909073595,-8.144533409507133,-2.783119237012307
0.70151846224994,2.189140871093951,-7.106508321119593,-3.586305199250198
-0.9030409423567902,-2.786380341055423,-9.213215631465715,-2.9025296190491576
0.9382560102458996,-0.12456514804244412,-7.1523939617592,-3.1850430210359955
-1.473346514915266,-3.2941066534203323,-8.64904984289322,-2.6064863134988823
-0.9901396720811549,0.5349572357495141,-7.695065883646968,-2.1157831507603073
1.9480554299502104,1.9868176617971465,-7.2472173632825445,-3.3934037068332707
0.9606826844161367,1.5438614487297213,-7.625239120792644,-2.705921500681578
0.6758432299996718,1.0161631826023472,-8.665134105624732,-2.5887502464468413
1.0825743523898355,-1.453666240358875,-8.791815056081337,-2.5105834811770182
2.034407846142538,-2.3173916553096072,-7.096580718782468,-4.037800952064925
-1.1653779837855007,0.044900382650557374,-7.265706657294075,-2.6394373321900866
0.2524072882519389,1.410038959942896,-8.121058271949362,-2.474566545478597
0.08218648067976946,-0.9461469188596124,-7.893350752353557,-3.192397592797534
-0.6076143974126355,1.4442438600609802,-7.771077225556214,-3.239446215295955
-0.1292371971035647,3.1281514367933525,-7.523919672266115,-3.003194468579821
-0.8388151331977904,0.6941997037802853,-7.835552032096292,-3.4030196313080974
0.06976806044251621,-2.394687445072787,-7.044800354713738,-3.569847351727848
0.47044830811259436,-0.923414894076499,-7.523349664993635,-3.928215514180216
-1.4163827338448798,2.8713409842124507,-9.591454556283013,-3.1946835081973575
-1.357596568881204,-2.7954660060347964,-7.1007803363866335,-3.0432384517107676
1.7250743379185172,-0.7692572567650238,-6.408144800204385,-4.11357893109862
-0.4272462397653007,-0.2501776985921078,-9.461427618057256,-3.5220296125540416
-0.20063460083897663,4.782217888877712,-7.400092191103828,-3.1224936503792295
-0.7603734909796337,-0.02369688666099208,-8.533744095459502,-2.5818774856004354
-0.6270412864653072,-1.9440438864684064,-8.071176293829451,-3.246012715665651
-1.1098811987223896,-0.22447125702485676,-7.5127470733043555,-3.5062919308148226
0.12480432764105522,-0.9137969573207677,-9.83957937623327,-3.2210828097683746
-0.31496932488121043,0.9667627229354381,-9.803208898679905,-3.5676339595252102
1.4119781923719879,-0.4761886933558782,-7.592469129315123,-2.7527670659513745
-1.6217688108491133,1.6248236670630356,-7.013526370146015,-3.7901104139449235
-2.2851395999607638,0.29259786229158163,-7.440041477288099,-3.2381463558893406
0.04630948767326089,0.7719974906234552,-9.741937963199447,-2.6067116462220725
1.0176972688899906,-2.9372140644620703,-8.401632891955913,-3.1201566340742546
0.524783806276338,-0.8771908199314381,-9.420516529466488,-1.8661463160428142
0.792109872848201,1.599370196694074,-8.789974023854953,-1.6851108533670272
-0.7111086816442107,0.8770545753307605,-8.91634503652106,-3.3909248987476928
-0.5160251801313697,-1.1594106775625173,-8.823861077468859,-2.7897295893958405
-0.0572297185815045,-0.4466016398347998,-6.115813861357914,-3.436564196839136
-0.12714566986956963,-0.21112212313006962,-7.053907184464042,-2.358256104130626
1.1840151066829567,-1.329542863763739,-5.335945577811264,-2.6499123131849145
1.739190625041251,2.7765463305105835,-8.95623704064168,-2.6667789866905927
-1.4988220752157213,-0.6525016568716824,-6.107592577351927,-3.5298029297744424
0.2106089336935746,-2.7093742927175217,-6.2231572095120065,-2.1842388054502497
0.0417018610415475,1.860251895564133,-8.59188742266354,-2.5440563991310694
1.9727178013798239,0.9765351697722787,-6.843175813864817,-3.4098270866047597
0.6759203328475355,-2.3881148045319227,-7.612674964324493,-2.026227632613753
2.8028710840126445,1.4657797508301749,-7.240433805503375,-3.446102481253465
1.4614125019828519,0.6750515230843281,-8.292653311235673,-3.2555217441203848
1.6304983851011956,1.3776063146625834,-9.490830870129201,-2.8363694503028496
-0.7105737427682182,-2.2684848072309975,-7.558206459081855,-3.1514429678612252
0.552399618373478,-0.6117189906262701,-8.458858584050626,-3.430696914020705
0.6971882861749285,1.4692268468366214,-7.846427467604804,-3.1113275686355726
-0.4872772899377716,-2.815804463393091,-8.566279895971883,-3.0577669710458535
-0.12225366907398712,-0.5469382377923673,-7.474245110344523,-3.390789447477784
-2.4216407437898337,-0.6700154884938117,-9.067126542489975,-3.61900143447812
1.207825277437375,-1.9329921317485932,-9.064753048120313,-2.9019149006288
0.2068489838747358,-1.9933329955966057,-6.604803887733783,-2.1647919975986767
0.2032413408602656,-1.3389086160222532,-7.878993269115524,-3.1743127515412564
0.12015008364633646,-0.6483790639274462,-7.2471755712359345,-3.181841832468994
-0.3512495009398346,0.3323228581523496,-6.129056576770838,-3.146118329848556
0.6765739714227148,-1.5085016199164787,-7.50176873447546,-2.8165611300017
-2.0222999930276067,0.008354638410416197,-6.870539871065947,-2.538881393069748
-0.1395202737513966,0.3045223480907653,-8.387317989160026,-3.2503203089218333
0.11007126036761457,2.4540648264218863,-7.334103252191681,-2.452086780158756
0.9309943793039059,-0.6310643437738179,-7.812536584631859,-3.7057004347127345
-1.1476125356265365,2.3302697062943407,-7.522521043559311,-3.239091044931548
-0.3857759162196188,-0.44337713374855114,-9.817399474754101,-2.4451923126895734
-0.3030441289381373,3.4707336075251467,-8.379333837255377,-2.6892860360137196
1.443415800507046,1.8827022976203962,-9.981939088909487,-2.7844360619010478
-2.3902925216722455,0.5525078936229355,-7.080007106389617,-2.965015278194466
0.010488503084909244,1.8013778934334161,-8.705883619218529,-3.1771635630324786
-0.2942174190051615,-3.7807348676830874,-6.748282211621536,-3.105237840328548
0.07572548796586578,1.2220753280398855,-6.323950846193723,-2.427319650552436
-1.0232063398333529,-0.33023169518974027,-7.6792525768330915,-3.3268579259973317
-0.4810675491325071,-1.8277141607962948,-8.332459117234016,-3.545625128996334
0.48598733364797764,-0.8454979387880386,-9.356055861221705,-3.1458226011162647
-0.5315798925820333,1.6921455211819993,-4.657224550618474,-3.2249284751767866
0.37232740728187413,-3.5953325337152138,-9.597796332863847,-3.12981785149787
0.7237657317846894,2.161162167909801,-8.737708180093524,-2.72482990351492
0.7187406446624002,-1.5545684301142104,-7.349386964315313,-2.8690179081034675
0.6771906241918679,-1.115599142810623,-8.294480772741418,-3.30909229577063
0.33315614011002465,2.3257621938392923,-7.652814746782403,-2.704004716115132
1.0913137316608037,2.631315382385093,-9.314911864087374,-2.755041412797603
1.7453434076841787,2.7070591933005943,-9.019725350506604,-2.1684424243888687
1.2212386872073004,-0.12823390609064902,-7.6495109000519905,-2.923602504040235
1.2345668866466055,1.2130605656024844,-6.897227933795154,-2.4325315318084293
-0.9767224238379032,0.5227676912464679,-7.099724497789406,-3.3437124182190545
0.2287176886963368,-4.064216916544219,-7.294652387679539,-2.5075060036685235
1.1272878029406797,-1.4817280350731183,-8.501567910399656,-2.1987798735121893
1.4604731711730992,0.38484256399342537,-7.254695764277756,-2.8362780544626203
0.5562879870817762,-2.108931472447522,-7.157543912450805,-2.780282659131534
-1.6597738942419593,4.58861641713004,-8.233037807659867,-3.2319248170169113
-1.3154476018892807,0.2556532674646871,-7.251925375391022,-3.166887888428055
-1.908376120410254,-0.38152395896962665,-7.252405138307067,-1.8603562689136717
-1.0720277045658986,-1.0458339310343308,-7.128667749908121,-2.8251152742746792
0.6821149917111794,-2.8162359752125314,-8.519146303439378,-2.821345661316374
1.0980377161503736,-3.985195529602327,-7.239783911218449,-3.2026045607884837
1.2491822568416537,-2.8970811199639526,-7.750775044073312,-2.6800541050116236
-1.1735824722289967,-0.7728119332133124,-7.516609157155785,-3.442811166919044
0.4440476891526248,1.3973900146871425,-8.638178716723791,-4.109295250110371
1.340028665323441,4.499020428369835,-9.594063147012786,-2.5557376405482373
0.37936790991347563,-1.4429460554593787,-8.045618321599642,-3.536474914516486
-0.627573488984851,-2.7228780393535796,-9.094291598081599,-2.6055859879878622
2.0047211119708956,3.4200385136371763,-7.315665715607896,-2.0313294997371205
-0.43296241036158245,-0.2634281475111532,-7.845296939704778,-4.069446468637505
-0.0748552271048687,-1.1899841346883042,-5.951205177536158,-3.2534313897001677
-0.3181511969560162,-2.1113362860946046,-8.473110865946053,-3.474397492574207
0.3172436828911394,2.000485929789599,-7.52367766044083,-3.3573768842043865
0.8908481684599466,-3.0504039783888466,-7.181165077870843,-2.380273818947631
0.1712918308570602,-4.538130341916853,-7.807329405915921,-3.2393272707915663
-2.0774496480216995,-2.1613083112153215,-7.75511853811023,-2.472417633902413
-0.013080321898498629,0.3798967173267946,-6.954111550730793,-3.3754723022206186
0.3466670615281447,-0.9221667160456203,-8.944494092505852,-2.6331781146283935
-0.6073040519422506,2.6023328090013957,-7.274070563874703,-3.4296244339091864
-0.9465128692136795,-2.4403259324193303,-6.976678726565298,-2.9794844362217097
0.9995229070682006,0.0133849715298394,-9.945109212225479,-3.3424989471607995
-1.0411607527276803,0.1611298176403322,-6.570040415731988,-3.5027618707108648
-1.0963357098139868,0.23548375088947315,-7.39122446324975,-3.3653375777682615
1.516819825752861,2.2639977773012174,-7.790190068551093,-3.595879974480262
1.6085138480343886,-1.4592213634946845,-9.180362690731004,-3.511968648498806
1.1701835894724124,-1.6250001248753985,-9.661197292784294,-2.8908732298392836
-1.0978845489344566,3.1888913833642194,-9.403931519809845,-3.6056023347642117
-0.05864612660536578,-2.9845574624919506,-6.752347215674567,-2.9561245124554265
-1.041169930575047,1.2805580093786657,-7.916529940438643,-2.079348908177325
1.8409420013432094,1.4892289470068165,-5.955866254608551,-3.231526226026511
2.275563743774786,0.3804128112375612,-8.447778950748964,-2.2151001045735965
0.47192409309955385,-3.0623693971424824,-8.270349785347504,-3.0214184151881094
-0.8845623266112825,0.7175965755525237,-7.788256779605136,-3.458056442354043
-0.40962014264035707,-0.16965977688979028,-9.159736804091658,-2.9282835075612583
0.5410109369693824,0.3530931155265528,-6.6203183229849865,-3.4313033252530185
1.2275167034477779,-2.1730602607741987,-7.6533906218786685,-3.5040693936837326
-0.29048216380708297,0.04805075811802172,-8.270658119382409,-3.0241889176025416
1.2109827047994914,2.4137843488998376,-8.697375768301516,-2.6867227623246364
-2.7088273033236114,-2.732212054279423,-9.058353595993786,-2.5375245461981244
0.6171845142384864,0.5886457171578388,-9.445478238142584,-3.2747757684954384
-1.0371764965483192,-1.0688448527751546,-8.57237464101416,-3.39956307705038
2.149255423793264,-1.2247135983836361,-9.983942583625044,-2.301665649243749
-0.8542130039069168,-2.175660730595458,-8.439339658138412,-2.5648088733259673
0.08068967417962503,0.8737421496837359,-8.71588471736298,-1.5453189210897609
-0.6651054785657353,2.5881160939423657,-7.539244376160289,-2.881898283345496
-0.8501279029151068,0.0776067612085576,-8.642032801396129,-2.2919867464815185
1.5073111247014164,-1.0063807336851462,-7.1996371058920925,-3.3562455587421325
-0.7281176701732375,-1.6053643460017242,-7.432688853149509,-2.4735725310521954
-0.5805825462165041,0.9752661299342466,-7.684740648696277,-2.974717216281934
-2.4260017252632435,2.5772520698346764,-7.011994326094757,-3.1164995443269574
-2.619865436374613,1.0313269678153707,-7.142818337763608,-3.2262998353822505
-0.1569430953125422,0.05765994894889892,-7.434954414781909,-3.8347939268067526
0.9186636785273983,3.5729070611966445,-7.469437803986233,-2.381396545849869
0.6190840108568805,1.2998940672398138,-7.488319898937026,-2.980208039685432
-1.3616299636605997,-5.106303841868549,-8.251685000862578,-2.1634296500001997
0.5141411061290869,0.2339974100903732,-7.823892875296006,-1.9727509971198225
-1.0687027238860463,-1.1927265106920686,-8.651998892796925,-3.49385905366307
1.766077200330456,0.41784599074417966,-9.12006837070324,-3.1324821212329983
0.762113616574082,3.229037403743388,-6.77001775419605,-3.331262299582023
-1.8445021610063839,0.0009666291983578326,-8.699353894659895,-2.7050123254496605
-0.7440465954795644,-0.9438893387521574,-9.385393916610777,-2.6568081818872966
0.498190279418005,0.8986669531635363,-8.8976400765825,-2.9342169979010015
-0.35472720255755824,3.6027274026635965,-7.2552709383304546,-2.984872893051446
-0.27129818751693746,-1.7351729482061244,-7.902317700769692,-1.9606625519042364
-0.399412987967196,-1.5497825494441784,-8.365585837535022,-3.0447204586786447
-1.0333749085842359,-3.233029705486384,-10.67439844488975,-2.483132482574776
-1.0252403101134469,-0.032320190931456313,-7.428017547179094,-2.0238180503161383
-0.08278978838919723,0.3779055250102296,-8.268049264241638,-2.917445116774788
0.9654847228558213,-2.075057244399375,-6.257116160532371,-2.9178345935987235
-2.200182778509873,-3.3491503641314035,-8.351428472728852,-2.6133392943049785
-1.1600184231564246,1.3127622822070903,-8.774934932017233,-3.5256586264424925
-0.05845622642756488,1.7118658307024117,-8.611051932958443,-2.790842334999743
0.08072180952127488,-1.5969953737886322,-8.2787666921008,-3.427981989889699
-1.914708322602079,-2.3105030165299527,-7.25706721560416,-3.1603829562962433
-0.09805692551830159,3.802988195794209,-7.493149548077629,-3.9941474474187615
0.0740819188530717,1.90636107696132,-9.883998619844862,-3.616951655501474
-1.3055203851004151,0.15521983583480317,-8.758786442359852,-2.38995235628448
-0.939002721209961,-1.088611944197961,-11.48063473346698,-2.512870447575846
0.4756275944429197,3.27449724114085,-9.291262615461548,-3.4391135084294446
0.22050920822660502,1.0821442618699397,-7.398735343756259,-2.7459737496892664
-0.0649196941673428,1.3013540417386709,-8.178495794708274,-3.302125327631497
-1.0831106048503412,-1.3561554140416152,-8.583617040638536,-2.942803533677546
0.27055972171313375,0.21681409939043436,-6.791544270169164,-3.0986094993631106
0.594548172015843,-4.342838691163387,-7.156444828002465,-3.583539343382264
0.10915608595963637,1.3280987271157236,-7.33472302108668,-2.908120652331317
-0.08036069588786812,2.1397722730441417,-8.167356131450061,-3.0241510745900575
0.07039002678045204,1.5943529683987752,-8.028302221600935,-2.9363401996342193
1.6049369345822868,0.10983823422005332,-6.451789654828279,-3.145224795420838
-0.3464336449109708,2.254159894682648,-8.969149617221664,-3.5986505965616526
-1.9232343742545601,0.3453826500557137,-7.912036034204137,-4.325365313104263
0.17528378662688027,0.813045273100987,-6.885176864619661,-3.656866668261592
-0.39307903764517493,-2.319940424006288,-7.379885487412389,-3.560678792248688
-0.7174003790927059,-0.11054945042824957,-8.28677182937085,-1.77621845414732
-1.0982575990420802,-1.1102577779584615,-6.253679056607696,-2.7058202953536767
-0.9478340953929231,0.1022359889382309,-7.967630312563949,-1.9547811510816309
-0.584796631034088,-1.3659636979108236,-6.931490730276509,-3.2139174158504793
-1.2583267089188186,2.98826382388443,-6.948502433694649,-4.105852548721949
0.459599436342927,-1.3011257174262754,-7.781625044945222,-2.8576879915410953
-2.1445234695121678,0.09029132049150118,-8.371714339624498,-3.106008723293074
0.8414908687155368,-2.4618831697912182,-6.631629405149152,-3.5067049485350297
1.6966442676379578,0.6981493075965675,-7.312876997533084,-3.1270928938042037
-1.059126501688587,-2.5274096032807285,-8.8985001825773,-3.379284709361424
-0.6217995452340668,-1.267763932270179,-8.272158306171217,-3.091593480339863
-0.2547192608851107,2.691338377999237,-9.386647130568166,-3.0758374149883325
-1.6170817814171363,2.1787637105930098,-8.222499993041925,-2.9977796614973946
-1.319722712935766,-1.0952748036706794,-8.501883623855173,-3.215179546425979
1.3123419995621848,-0.23502838845862734,-7.05134940666746,-3.224139253123878
-0.7382662460790831,0.6826094749393793,-9.91991831218659,-3.06464525978068
-0.8749370191948684,1.8507359119085747,-8.476857977219588,-2.717201816389361
1.5762541980004818,0.8383030849232627,-6.078130558213572,-3.143367717092424
2.01879095117509,-4.296724527010496,-7.554615478626282,-3.830062432979868
1.0769186659244374,-0.7644244490121844,-8.196149446564801,-2.64827084315478
0.12699713209960178,-1.264722933444011,-8.17913953835768,-3.2125799257477414
0.4345579372298222,-0.6390956503643123,-6.599897875131549,-3.1737975912149694
-0.9375680701867766,-0.7978688305005713,-7.6456651150302815,-2.6955267215474814
0.5747311913583472,1.7815280194722314,-7.198662521409357,-2.6077933749473297
0.13677173752951374,-1.558382951153071,-7.119775784843232,-2.8833954533413464
0.520026058073226,0.924561632904284,-8.219462620787597,-3.107307871326667
0.17137884639969975,-0.4003271658186033,-7.7082455481547925,-2.5595053059717734
0.692276423314274,-2.562967965253086,-8.455941821918172,-3.975878139082578
-0.15977164579468342,-1.967954493694701,-7.346617835031826,-1.6891104986983911
-0.27886704497583725,1.2103208900345206,-8.35839608123877,-3.089306363738923
-0.19913022515743023,-2.7710939973884154,-6.881904105093738,-3.2503783408151277
-0.19522505712207724,-0.9746739431073389,-8.595194273435757,-2.608577737910315
-0.392989424347294,0.1448886294956307,-7.828929766483308,-2.6156326331007893
-0.19220013679101666,4.2365279025067535,-8.949531319649529,-3.3930927281965673
0.37427071230964787,-0.33469392549170124,-8.358425897344214,-2.472249954580124
0.3654815393718769,1.591427280765934,-8.851650905747018,-3.4040606946569265
-1.1238244082695352,0.2718606375108562,-8.304827883466883,-3.427076216770923
1.080678342716999,-1.6915907407778021,-7.7550686971482365,-2.5096237220725586
-1.7925092487162746,-2.6304528844203254,-9.049941398334592,-2.7460635617419022
-0.19263000148137732,-1.514296026938445,-8.736522142519604,-2.8376085966183457
2.2806725616752694,-1.3849580402247212,-8.82149052132027,-2.57272557858299
0.0858635529790294,-2.0832829368662074,-9.707440917178067,-2.730380879379686
1.4042322983909774,-0.12400372917497039,-8.119148557548527,-3.5453578528447913
0.5674477647882681,4.5672617381954606,-8.374705460484591,-2.464660214354238
-0.3394355265071077,0.014862077535567597,-8.74442398868776,-3.0177193818965
-1.1041648224393479,-1.277566202738765,-8.615105739956345,-2.6417849041145693
-0.09349408462155027,-1.2808637415653692,-8.283377401703332,-3.249019958981648
0.10420432343867869,2.374219131924532,-7.556952198001855,-2.77231817703419
0.10756824352570432,-4.140595070341333,-6.931324918362981,-3.0927259106506195
1.7123305255139645,-0.0837583580827635,-7.0486807282375725,-2.5440550309810783
-1.4208980170319865,-7.004978331494397,-6.592215554606485,-3.277926449788126
0.22199885740458417,3.8871155450201504,-6.825969467658034,-2.8926634389097705
-0.9791946547406504,0.9602015418015283,-7.828367235726351,-3.4166622264184996
1.4266602300347384,1.492110018264051,-9.032583055193669,-2.1830602249532327
1.9824837217625564,-1.6449433503673048,-8.184290546661304,-2.915133450572172
-0.6140334901243216,-1.0551037084664705,-8.030690888581516,-2.9585468450777
0.7330635425794509,-1.2332863177805016,-9.05207626187013,-2.733087215573037
-0.12543551477279063,2.561362375446198,-7.5243846290819425,-3.194545422344701
-0.8520386242051101,-0.7871643393018671,-7.881261127340727,-3.237979998405513
-1.235087287510427,0.09470448804554764,-6.879344105096635,-3.2012513041113695
-1.1741406463906132,-0.14063043727117605,-7.935085166932711,-2.9115551815797134
1.60156571313831,-2.3949574022889837,-7.735624256883049,-3.0002880367911007
-0.7994252119732826,2.8495096938864477,-9.289997174568015,-3.211889439403994
0.5245733769849247,0.8793693213470255,-9.024287903099111,-3.252640084204236
-0.47037249785429963,1.3277702896516197,-8.525922952318997,-3.1706779805865333
0.6503321706776429,-1.3381108412539733,-8.186671480457372,-2.6144716856068646
0.08920116731370793,-0.69881294692357,-7.13734988039721,-4.423803013959765
1.1777753177088022,2.5221239644905094,-8.975753115332449,-2.8139268120611325
-1.565522650572909,-0.322956927124803,-9.318174260188806,-2.990737560745138
0.5320907230310999,-1.895059778048155,-7.101171841454897,-2.559807537276617
0.6029061901581396,1.618171760584414,-6.33647099710674,-2.7635627176235933
-0.01523611706442808,3.7790418895450077,-9.203618873770278,-2.7624322199058353
-0.035416941228417896,-0.9733473581770011,-7.831483044671654,-2.641425910758245
-0.5210502929075853,-2.509148409946705,-8.498893980766502,-2.9891080138905806
1.241184332783476,-0.04944408655753514,-9.553218856511583,-3.04944266872122
0.11406017094950723,1.522847709950426,-7.860088294991595,-4.057136349780047
0.8629076659290753,0.08216775622929526,-7.344805682559205,-2.9790385420563235
0.31056607361265726,-0.11360285989748023,-9.14867302751465,-2.519456761557859
-1.4913725754233722,2.1067081415349582,-6.263735792766848,-3.101515434288323
0.3088547343532661,-2.122610292303774,-8.203380548442508,-2.7952020287898214
-1.486742560019795,-1.3178665706189425,-9.283555009774053,-2.017908510425161
0.8529514864820197,1.0207902096794703,-6.201212865634897,-2.7399154544105606
-0.24791804271437928,-1.213462448591661,-8.446414791079953,-3.120468258170679
-1.9222751850973052,-2.9702118667469573,-7.756951328840776,-2.72983798901401
-0.8752497907658268,-0.46705576406486365,-5.870751224638814,-2.5076777899286284
0.8721420416605935,-1.3327211283092124,-8.089668528438196,-3.578520091879264
-0.007581774110229385,1.4300245636458058,-8.856404225648895,-2.7529272752517424
-0.9127403697018098,-0.14329524001295782,-6.013564870642307,-2.6242275147625955
0.7778782791338568,-0.298980870746889,-8.021515553381175,-3.971672506110405
-2.0312054655485854,3.920827824990892,-7.236461547520551,-2.4609502718298915
-0.6164815235372763,1.5482847015255246,-6.1823008238257655,-3.342339938347333
-0.5904776546320333,3.879714834708624,-4.487369626083099,-2.8010314122878834
-0.3780238674474764,-1.453502435972039,-8.143115809264762,-2.4261777602985686
0.6792500662787047,0.18528722892138608,-6.685748418792285,-2.82950202063419
0.8352869873237315,0.16043308052564395,-8.807559241927565,-3.2901015776695623
1.0130370393220003,-1.285265844610205,-8.379249402292052,-2.8907979864058273
-2.515618158367979,3.9617769634656805,-7.122010020783641,-3.1231382872564533
-0.0892741016394859,-4.471327299946205,-10.100492282065348,-3.033831263807086
-0.5027588148283939,-1.207071233800725,-8.569185372243108,-2.728512712790765
1.1023911517747902,0.7306072910799457,-8.026276044954468,-2.741155152082943
1.8412897796717385,-2.1446971364518985,-6.730721895268516,-3.0609917978170644
-1.0950198716617294,0.2044305305222982,-8.847602743925039,-2.6762333974765053
1.734160279327123,-0.6176451459828671,-6.736599657979981,-3.133770118424489
-0.023071743583842216,-1.7661601801041147,-7.548532828190948,-3.087118168271343
-0.8825144583643523,0.33233418369576084,-8.313836308027135,-2.6884188954396318
-0.2591488465768563,-2.0405498135338056,-7.236315205628194,-2.4527899639879847
0.8841062393686949,-2.9750564653907374,-9.164644159009537,-3.508159978370559
-1.38473665007632,-2.5921396741347165,-7.586302359223963,-3.519574411288164
-0.37749954774605543,2.3090602467711023,-7.753458349293886,-3.477686959697778
0.6885074045889777,-1.277404997176663,-7.680136880860623,-3.219516255699408
2.6642036706741816,-2.4144623859463406,-8.3019220408877,-2.6852684883349296
0.20106049724417327,-1.4694987281263843,-7.9878399861332054,-2.4180420348139813
-0.2007472370483223,-1.1104749084957128,-8.144419459550516,-2.7886967347082443
-0.9449210413110628,4.273343084133835,-7.525998794183018,-2.5705506796733206
-0.24195536625127523,2.8572135356292456,-9.475382559311589,-2.080684478260214
-0.9591329398639038,1.7888839135266517,-6.349174310735666,-2.421981977241574
-2.316820197798769,1.7212791610550262,-7.181238668326825,-2.4257542012681594
-0.09838320641124647,-0.9034513138362515,-7.639041189286428,-2.446657286641724
-1.0747414459725482,2.369189963509673,-8.815975718271417,-3.129624595774136
-0.17064174483327332,-0.33104501827117483,-5.855043803842735,-3.981519154803304
-0.7109755490918283,-0.8865338436196849,-9.319904667938893,-2.796860836647646
-1.98037475410544,4.762915870108823,-7.47760581425832,-2.9095479971870883
2.172244346442345,2.4794275343314354,-8.543540942727502,-1.8247273734918361
-0.5967110976692054,2.079503248671961,-6.583190079648755,-2.495154736483024
1.1832469885076193,-4.791910841023456,-8.483506683147095,-3.2518111482807264
-0.24220316353724303,0.3524594100549262,-9.104932933124015,-2.146077878994913
-1.4877202659467923,-1.1784830480223722,-6.390380048603862,-2.3871739352001375
0.6227641208870092,0.806986781350866,-8.647793880011019,-3.712467845018136
-1.4455440462220155,0.43852013122179834,-8.433224501998716,-3.0686130862416183
0.2727911837668096,1.928493299934338,-8.081857479137517,-3.3094967545249676
1.4323120640148361,0.2387940738051861,-9.243029835443872,-3.5072754116555385
-0.7537867178576386,0.5993733592326337,-8.064859377108094,-2.804276436950086
0.276731556490911,1.4319701150374915,-8.742472631556721,-4.138262997791752
0.10034919105720201,-1.7275649563176154,-8.535236199925489,-2.8895994682267996
0.7261883509081778,2.777120533772844,-6.859626871761185,-3.374236659968928
0.4170841753075003,0.5388884060277143,-8.882482892269863,-3.3607078180731507
0.08256644219991965,-2.6329720435978117,-7.9182548934833035,-2.7901138492545177
0.4879482034411434,0.45435684455812114,-8.456274493784727,-3.169667019708445
0.7482184826369745,1.1445813392557809,-6.788080860281995,-2.607008919636637
-3.4883759440246775,-0.5474831596179618,-6.8723795661258205,-2.9977006979690035
-0.23715936139784202,1.817090006177496,-9.783944157498318,-2.6421902665709256
-0.10394883178860992,-0.6542783894668522,-8.843951681011053,-3.428031208612324
-0.33413508336601677,-0.1526099363655562,-8.111349127677505,-2.884757065133264
-0.9224131485995344,-2.0663350252158708,-7.862818815455367,-3.3915677759733196
1.1328858582896735,-2.8769965833689675,-6.612444116560301,-2.8625799111288126
1.5413811653140432,1.8156879165048705,-6.182927261021884,-2.8474180603607393
0.8479552645138018,0.2903776583514001,-6.8515268459940275,-3.4280923410347017
-0.3158824255126383,-2.601228373964302,-6.491713347428757,-2.690427253397253
-1.0933339684478987,-3.321323235289458,-8.98491219171751,-2.8431515958277807
-1.0272936767925547,-0.36682781664412606,-5.918046281197121,-2.688785526771192
-0.2660777381158723,0.21538707903515955,-8.227159011365172,-2.6864338745739786
-0.5266909552020449,2.3077846008060887,-8.510251193738531,-3.407870189206487
0.5608220293490267,-3.5712129538337,-6.970292262267625,-2.923759685229587
-1.0897587023331847,-0.6085668106311077,-7.834807838458995,-3.1396448216441186
-0.7038685125583167,0.9253410055884712,-6.2093435742683205,-2.993120296823074
-0.06290475941336798,3.2298261915883693,-10.535934244837124,-3.449929852962446
-0.10325043843941917,-2.240770413100584,-8.407286897610666,-3.208641669107093
-1.552079820673667,5.800529921359126,-8.106295098271008,-3.2560651298458616
1.7980142108341415,2.037924690786038,-6.9028052408458365,-3.233995182452095
-1.4954050634851883,-0.9450664784250877,-9.180665555544731,-2.2816030358297517
-1.0907153863627066,9.350102856479996,9.857900886733697,3.029242684505033
6.579764820908919,-1.1422054520426967,0.9032539793272685,3.4468679411538146
1.9658208297580124,-0.6474093958681459,-0.28172712008275536,1.7699819487273922
9.296991100732473,-0.8896805610718532,7.898162419596908,8.494250189266866
1.6313378964904235,5.809616125749002,2.6933100769970526,-0.7110852198397897
7.620074322510289,-1.6457931834925756,-1.54473594056434,3.561771744600877
-1.1851583396986043,8.936056924901251,-1.5891257700827328,4.981293829192696
9.399820750562519,4.3611408440854085,2.064486360866061,6.307665113115583
5.616464296039748,9.628619885879953,4.944224683210072,4.719261632400023
2.090640005302131,4.92437593415611,3.3707543763017904,2.3123447965725026
1.4166638903282953,-2.987981851375032,-2.250971723678713,0.8571416339965219
9.140616786823239,7.48948956392012,7.908488860303082,-2.482552714696073
8.407917842990264,6.6941452472162695,6.417601478726164,1.1981506930038943
-2.4846062041844075,0.9387129179328815,9.04164626649868,1.7012453325501218
2.7680637494959885,-0.7228153496698138,8.719883364588158,0.5566071044766225
0.33467252182900076,4.085711711880013,2.219373990398571,-2.369427700230742
-0.7645663616551168,6.246140515839469,5.394836947681087,-1.6738242814940159
5.989737876471722,8.762286997229618,6.849528162239286,-2.1446955292099927
7.254711634212551,-1.7673283783530773,9.98906837767619,2.7807768198732976
7.2578609034127375,8.654000416520908,3.3501336801617763,-1.135910705661349
7.73214503273789,-0.20416705416312775,7.3562673003371195,2.845055121148805
2.5262055332845756,-1.3188601796689379,7.353875595362389,-2.086336912011772
9.821980636911839,6.7147173155768645,6.483829013850523,5.335154925189327
0.4403125030229136,1.75310679880638,4.827592120064763,-0.27725344129490415
3.7015710023818107,1.5848584292346057,2.9450715944627,0.7633329682575387
6.515486950202021,3.7050232565448713,2.123536892277066,1.7437846965102315
6.941357141976123,5.891392221322013,-2.5316690835676865,-2.3581365417732667
7.137871425778966,5.53322195145156,8.039484501861736,8.975582958814721
1.8305486517765228,7.249397559800263,9.656480958915592,0.8685448814466494
-1.3341160226639894,-0.5534681472692702,6.914542887343876,3.9687434380608444
5.244682717781618,1.971974236913133,-2.394620031243363,-1.7420825596197393
-0.887199656820731,-2.4548399791409,-0.7981005545774087,-1.8633377381654395
6.97163175615006,5.79055629872906,1.8129362798689446,2.1279011713635745
-0.0035355397331819916,7.805299060086163,7.69039706562088,8.578178967164467
1.7763809318581778,9.788429622270543,-1.433046713990845,4.710100154132165
-0.4778161283265785,2.528677341424771,7.420361122180244,8.50906431134918
-0.09051693526825311,0.8893888798480392,1.9845812693212164,0.2749660172274413
0.6514800379888528,-1.407535402955066,6.292975356679634,-2.2590219440721713
9.61048611307561,-1.2379446443558475,5.463541522949061,3.1624983432087275
2.446445102748231,1.252347852092143,3.188936452261765,6.767155409760198
2.1218240293052872,6.486212866147513,7.21705197257149,-1.0091411896862696
0.6024208036388705,7.105082352652079,1.1829154141096545,-0.0714206032849738
8.532263943551198,-2.069414072886477,1.3254465476653685,-1.9473867291443072
2.4664011163117223,2.780961018259431,0.4178241595483594,5.611205277666841
1.5232625297544002,1.7510169944997944,-2.988242699884407,-2.4227950398763425
1.3916167677230753,-2.034487197773742,0.8768678786513653,6.614287412764606
4.610714673921302,2.5673702055521606,-0.740712247942247,-2.939752914744642
4.933054608275035,7.591124279348405,6.940720496903658,-0.698373307697139
6.426974551136549,6.124302239050005,1.2291594677036484,2.9730355571159066
3.735866234125729,1.622594510687609,8.510010022877198,9.176449195228207
7.596231847841919,2.749436260431054,-0.3489865370940186,3.1843026778705035
0.05886512647396591,1.4717182701348825,-1.7396410691452964,2.112756147398607
3.5864424444770995,0.38586533502135856,-2.974766257891615,7.594020234215241
4.646287806086878,7.8811162802617005,-1.6291035643340241,8.776037796655396
7.061472493335767,0.47267853375671276,-0.5310714745997864,3.7958502356965704
9.666658345468747,8.203675984195446,-1.715346581970251,4.529191176922982
4.764135592555779,9.972261088690765,8.84490748210161,7.773217893424931
-2.3011445953754954,6.755151275385021,-1.1021600359925008,3.2977169246404
0.9793004161583321,2.5593207761465484,7.357174044515764,7.962787094135509
3.401490420736483,3.63387698257122,9.897500779584721,4.018403465901782
0.2403743623231307,1.1548243162333591,-1.216163706607178,-0.9009460577997732
9.171865295049784,5.376834685053954,6.067520071593204,0.4224851914618446
-2.9183330531606795,6.407712441228247,8.860829274776536,8.453239307116977
3.4515160243545706,9.323149493498379,1.2479417311020846,3.9820968810980233
-1.7272068953477882,4.799260895794965,5.207924780283481,-1.00807275563617
4.011231320516096,-1.6623019811718034,7.215845414054112,7.02437065177536
0.7446441859739537,5.555925735431137,-2.411262111895309,2.308172417375971
3.4135792093701003,8.355099399033195,-1.3613455969614836,5.596895417231062
1.0379007682772832,1.439135677395491,4.877959537728789,6.291868291719128
2.800857395709201,4.060477387000045,5.744218889665751,8.971586555637343
-1.1419872705527465,6.3761675322690685,-1.7895706315371307,5.513649387631267
5.220654006017888,3.8825875812861357,0.4584950905670073,8.19610407622496
3.892444789564256,-1.3722486269770746,-1.9772885351197638,9.121688684779741
5.691653484480453,-2.783769296778698,-1.3146760168504341,2.0380586872951056
-1.01296688669257,5.41089872834193,5.69303979065981,4.209379496807545
2.1952408843626126,0.6752974941825696,1.1692259661847704,4.281397925990841
5.298580329365155,-0.9962241109365877,-1.9455642318472033,5.9808870003927055
4.685914054962811,3.480449597983341,3.905855223517781,0.16763204726170233
0.971627008707495,9.52145171845777,-1.1737161562085574,1.1642995988840124
9.08934669648969,9.41234194855706,4.705892276914769,5.530604447987228
7.614024483817271,8.539455999292173,2.407394402086844,8.422019637297158
-0.2546887091176666,-1.5555158399634268,6.818319343290957,5.415940744636522
-1.1669257204569332,8.44170522769363,4.8175466080303355,-1.0740617531640924
6.001798495465215,5.534815660665894,0.6199959792449281,-0.06627102851476341
4.9439288379729085,8.559615159950727,5.291934563231523,7.4316712048405105
6.618730855635679,0.47071292505570206,3.3437654778943084,9.038854007698298
3.015536651109728,1.940488425816671,9.166610723441575,4.666376755438248
-2.5816871411960127,-0.7146068411948066,-2.871767854273016,6.0770839134217916
-0.4670485855471509,8.387977011353723,-2.860433770415312,9.893624336168024
6.503570514609638,5.4204745620591925,2.28241228751214,7.129048465364756
7.257170174121001,7.534342972636901,5.261660697673994,8.095520140281453
6.38091786730749,2.677196472570216,-2.578038300777285,3.0024231951229607
9.899829368850485,5.563352725302703,-2.38600202886313,7.86722581271767
2.5106127294579252,2.059838334802796,-1.7185243782981598,0.41188018332791465
6.527299115767027,1.718197879326131,0.4663279834039926,-0.6525469585061732
-1.3342911197247258,7.869570043376537,1.0998348426428137,2.5775220552033318
-1.5862341890358342,4.335681041555036,0.522603180764845,9.756095055346734
9.661348006248327,4.047703370493043,-1.5788077315903473,6.7278791428865485
3.0925158761577487,3.4356818170183177,-0.278272347331888,-1.6301285330807422
2.390175711257129,1.232904679628195,9.746111266898348,0.41663266230801943
